Año;Cód. Institución;Nombre Institución;Tipo Institución;Clasificación1;Clasificación2;Clasificación3;Clasificación4;Clasificación5;Clasificación6;Nombre de la Sede;Comuna donde se imparte la carrera o programa;Nombre Region;Orden Geográfico de la Región (Norte aSur);Cód. Carrera;Carrera Genérica;Nombre Programa;Mención o Especialidad;Horario;Tipo Programa;Area Conocimiento;idgenerocarrera;Tipo Carrera;IngresoDirecto;Año Inicio Actividades;Nombre del Campus;Duración (en semestres);Cód. Campus;Cód. Sede;Título;Grado Académico;Máximo Puntaje (promedio matemáticas y lenguaje);Promedio Puntaje (promedio matemáticas y lenguaje);Mínimo Puntaje (promedio matemáticas y lenguaje);Puntaje de corte (primer seleccionado);Puntaje de corte (promedio de la carrera);Puntaje de corte (último seleccionado);Máximo Puntaje NEM;Promedio Puntaje NEM;Mínimo Puntaje NEM;Máximo Puntaje Ranking;Promedio Puntaje Ranking;Mínimo Puntaje Ranking;Nº Alumnos Ingreso Via PSU o PDT;Nº Alumnos Ingreso Otra Via;Valor de matrícula;Valor de arancel;Valor del Título;Tipo Moneda;Vacantes;Matrícula primer año hombres;Matrícula primer año mujeres;Matrícula primer año extranjeros;Matrícula Primer Año;Matrícula total hombres;Matrícula total mujeres;Matrícula total extranjeros;Matrícula Total;Códgo SIES;Pregrado/Posgrado;Matrícula Primer Año No Binario;Matrícula Total No Binario
2025;1007;U. AUSTRAL DE CHILE;Univ.;(a) Universidades CRUCH;(b) Universidades Privadas CRUCH;(a) Acreditada;(a) Autónoma;(a) Adscritas a Gratuidad;(a) Subsistema Universitario;Valdivia;Valdivia;Región de los Ríos;13;1995;Ingeniería Comercial;Ingeniería Comercial;Administración de Empresas;Diurno;Programa Regular;Administración y Comercio;1010005;Profesional con Licenciatura;Ingreso Directo;1977;Isla Teja;10;1007001001;1007001;Ingeniero Comercial;Licenciado en Administración;889;644;452;880;703;572;965;771;488;1000;788;488;118;14;254.000;5.588.000;240.000;Pesos     ;100;66;66;1;132;273;227;6;500;I90S1C35J1V1;Pregrado;0;0
2025;1007;U. AUSTRAL DE CHILE;Univ.;(a) Universidades CRUCH;(b) Universidades Privadas CRUCH;(a) Acreditada;(a) Autónoma;(a) Adscritas a Gratuidad;(a) Subsistema Universitario;Valdivia;Valdivia;Región de los Ríos;13;11868;Ingeniería Ambiental;Ingeniería en Conservación de Recursos Naturales;;Diurno;Programa Regular;Tecnología;1003009;Profesional con Licenciatura;Ingreso Directo;2006;Isla Teja;10;1007001001;1007001;Ingeniero en Conservación de Recursos Naturales;Bachiller en Ciencias Forestales y Recursos Naturales;;;;;;;;;;;;;;;;;;Pesos     ;;0;0;0;0;1;1;0;2;I90S1C142J1V1;Pregrado;0;0
2025;1007;U. AUSTRAL DE CHILE;Univ.;(a) Universidades CRUCH;(b) Universidades Privadas CRUCH;(a) Acreditada;(a) Autónoma;(a) Adscritas a Gratuidad;(a) Subsistema Universitario;Valdivia;Valdivia;Región de los Ríos;13;31731;Ingeniería Ambiental;Ingeniería en Conservación de Recursos Naturales - Ingeniería Forestal;;Diurno;Programa Regular;Tecnología;1003009;Profesional con Licenciatura;Ingreso Directo;2014;Isla Teja;10;1007001001;1007001;Ingeniería en Conservación de Recursos Naturales o  Ingeniería Forestal;Licenciado en Ciencias Forestales o Licenciado en Conservación;863;650;490;848;652;456;951;707;418;1000;724;418;34;14;254.000;5.360.000;240.000;Pesos     ;60;26;22;0;48;150;138;1;288;I90S1C534J1V1;Pregrado;0;0
2025;1007;U. AUSTRAL DE CHILE;Univ.;(a) Universidades CRUCH;(b) Universidades Privadas CRUCH;(a) Acreditada;(a) Autónoma;(a) Adscritas a Gratuidad;(a) Subsistema Universitario;Valdivia;Valdivia;Región de los Ríos;13;1999;Ingeniería Civil Acústica;Ingeniería Civil Acústica;;Diurno;Programa Regular;Tecnología;1008018;Profesional con Licenciatura;Ingreso Directo;2001;Miraflores;12;1007001002;1007001;Ingeniero Civil Acústico;Licenciado en Ciencias de la Ingeniería;793;672;524;784;679;572;937;734;425;948;747;447;9;;254.000;5.588.000;240.000;Pesos     ;20;8;1;0;9;92;11;0;103;I90S1C114J1V2;Pregrado;0;0
2025;1007;U. AUSTRAL DE CHILE;Univ.;(a) Universidades CRUCH;(b) Universidades Privadas CRUCH;(a) Acreditada;(a) Autónoma;(a) Adscritas a Gratuidad;(a) Subsistema Universitario;Valdivia;Valdivia;Región de los Ríos;13;11867;Ingeniería Civil Electrónica y similares;Ingeniería Civil Electrónica;;Diurno;Programa Regular;Tecnología;1008022;Profesional con Licenciatura;Ingreso Directo;2006;Miraflores;11;1007001002;1007001;Ingeniero Civil Electrónico;Bachiller en Ciencias de Ingeniería, Licenciado en Ciencias de la Ingeniería;888;706;506;880;722;519;979;788;551;1000;806;551;26;3;254.000;5.588.000;240.000;Pesos     ;52;22;7;0;29;153;20;0;173;I90S1C141J1V1;Pregrado;0;0
2025;1007;U. AUSTRAL DE CHILE;Univ.;(a) Universidades CRUCH;(b) Universidades Privadas CRUCH;(a) Acreditada;(a) Autónoma;(a) Adscritas a Gratuidad;(a) Subsistema Universitario;Valdivia;Valdivia;Región de los Ríos;13;2000;Ingeniería Civil en Computación y/o Informática;Ingeniería Civil Informática;;Diurno;Programa Regular;Tecnología;1008005;Profesional con Licenciatura;Ingreso Directo;1982;Miraflores;11;1007001002;1007001;Ingeniero Civil Informático;Licenciado en Ciencias de la Ingeniería M/Informática;902;684;495;939;685;470;979;728;456;1000;746;456;84;8;254.000;5.588.000;240.000;Pesos     ;85;76;16;2;92;358;49;5;407;I90S1C33J1V2;Pregrado;0;0
2025;1007;U. AUSTRAL DE CHILE;Univ.;(a) Universidades CRUCH;(b) Universidades Privadas CRUCH;(a) Acreditada;(a) Autónoma;(a) Adscritas a Gratuidad;(a) Subsistema Universitario;Valdivia;Valdivia;Región de los Ríos;13;1998;Ingeniería Civil en Obras Civiles y similares;Ingeniería Civil en Obras Civiles;;Diurno;Programa Regular;Tecnología;1008003;Profesional con Licenciatura;Ingreso Directo;1994;Miraflores;11;1007001002;1007001;Ingeniero Civil en Obras Civiles;Licenciado en Ciencias de la Ingeniería M/Obras Civiles;928;672;511;890;696;520;951;771;456;1000;791;466;59;12;254.000;5.588.000;240.000;Pesos     ;70;46;25;1;71;268;104;3;372;I90S1C34J1V2;Pregrado;0;0
2025;1007;U. AUSTRAL DE CHILE;Univ.;(a) Universidades CRUCH;(b) Universidades Privadas CRUCH;(a) Acreditada;(a) Autónoma;(a) Adscritas a Gratuidad;(a) Subsistema Universitario;Valdivia;Valdivia;Región de los Ríos;13;27120;Ingeniería Civil Industrial;Ingeniería Civil Industrial;;Diurno;Programa Regular;Tecnología;1008004;Profesional con Licenciatura;Ingreso Directo;2013;Miraflores;11;1007001002;1007001;Ingeniero Civil Industrial;Licenciado en Ciencias de la Ingeniería;934;755;537;920;776;675;970;845;671;1000;868;671;84;11;254.000;5.588.000;240.000;Pesos     ;70;68;27;0;95;316;136;2;452;I90S1C126J1V1;Pregrado;0;0
2025;1007;U. AUSTRAL DE CHILE;Univ.;(a) Universidades CRUCH;(b) Universidades Privadas CRUCH;(a) Acreditada;(a) Autónoma;(a) Adscritas a Gratuidad;(a) Subsistema Universitario;Valdivia;Valdivia;Región de los Ríos;13;13979;Ingeniería Civil Mecánica;Ingeniería Civil Mecánica;;Diurno;Programa Regular;Tecnología;1008006;Profesional con Licenciatura;Ingreso Directo;2007;Miraflores;11;1007001002;1007001;Ingeniero Civil Mecánico;Licenciado en Ciencias de la Ingeniería;851;672;490;880;677;526;965;702;306;1000;713;306;44;7;254.000;5.588.000;240.000;Pesos     ;50;45;6;2;51;201;21;4;222;I90S1C147J1V1;Pregrado;0;0
2025;1007;U. AUSTRAL DE CHILE;Univ.;(a) Universidades CRUCH;(b) Universidades Privadas CRUCH;(a) Acreditada;(a) Autónoma;(a) Adscritas a Gratuidad;(a) Subsistema Universitario;Valdivia;Valdivia;Región de los Ríos;13;54491;Ingeniería Civil Plan Común;Ingenieria Plan Común;;Diurno;Programa Regular;Tecnología;1008032;Plan Común o Ciclo Básico;Ingreso Directo;2025;Miraflores;4;1007001002;1007001;;Bachiller en Ciencias de la Ingenieria;861;676;508;900;691;543;956;747;536;1000;761;536;30;16;254.000;5.588.000;240.000;Pesos     ;42;33;13;0;46;33;13;0;46;I90S1C723J1V1;Pregrado;0;0
2025;1007;U. AUSTRAL DE CHILE;Univ.;(a) Universidades CRUCH;(b) Universidades Privadas CRUCH;(a) Acreditada;(a) Autónoma;(a) Adscritas a Gratuidad;(a) Subsistema Universitario;Valdivia;Valdivia;Región de los Ríos;13;1993;Ingeniería en Alimentos y similares;Ingeniería en Alimentos;;Diurno;Programa Regular;Tecnología;1001003;Profesional con Licenciatura;Ingreso Directo;1988;Isla Teja;10;1007001001;1007001;Ingeniero en Alimentos;Licenciado en Ciencias de los Alimentos;;;;;;;;;;;;;;;;;;Pesos     ;;0;0;0;0;28;27;0;55;I90S1C44J1V1;Pregrado;0;0
2025;1007;U. AUSTRAL DE CHILE;Univ.;(a) Universidades CRUCH;(b) Universidades Privadas CRUCH;(a) Acreditada;(a) Autónoma;(a) Adscritas a Gratuidad;(a) Subsistema Universitario;Valdivia;Valdivia;Región de los Ríos;13;2014;Ingeniería en Construcción y similares;Ingeniería en Construcción;;Diurno;Programa Regular;Tecnología;1008009;Profesional con Licenciatura;Ingreso Directo;1998;Miraflores;10;1007001002;1007001;Ingeniero Constructor;Licenciado en Ciencias de la Construcción;754;590;502;738;631;468;937;727;447;1000;746;447;23;10;254.000;5.270.000;240.000;Pesos     ;67;24;9;0;33;156;54;1;210;I90S1C46J1V1;Pregrado;0;0
2025;1007;U. AUSTRAL DE CHILE;Univ.;(a) Universidades CRUCH;(b) Universidades Privadas CRUCH;(a) Acreditada;(a) Autónoma;(a) Adscritas a Gratuidad;(a) Subsistema Universitario;Valdivia;Valdivia;Región de los Ríos;13;2011;Ingeniería en Transporte Marítimo, Aéreo y similares;Ingeniería Naval;;Diurno;Programa Regular;Tecnología;1008052;Profesional con Licenciatura;Ingreso Directo;1990;Miraflores;10;1007001002;1007001;Ingeniero Naval;Licenciado en Ciencias de la Ingeniería;901;663;439;926;693;491;970;771;441;1000;787;443;64;7;254.000;5.270.000;240.000;Pesos     ;55;53;18;0;71;180;67;3;247;I90S1C50J1V1;Pregrado;0;0
2024;1007;U. AUSTRAL DE CHILE;Univ.;(a) Universidades CRUCH;(b) Universidades Privadas CRUCH;(a) Acreditada;(a) Autónoma;(a) Adscritas a Gratuidad;(a) Subsistema Universitario;Valdivia;Valdivia;Región de los Ríos;13;1995;Ingeniería Comercial;Ingeniería Comercial;Administración de Empresas;Diurno;Programa Regular;Administración y Comercio;1010005;Profesional con Licenciatura;Ingreso Directo;1977;Isla Teja;10;1007001001;1007001;Ingeniero Comercial;Licenciado en Administración;895;666;494;862;727;630;979;799;616;1000;824;616;110;11;237.000;5.247.000;225.000;Pesos     ;97;70;51;3;121;278;209;8;487;I90S1C35J1V1;Pregrado;0;0
2024;1007;U. AUSTRAL DE CHILE;Univ.;(a) Universidades CRUCH;(b) Universidades Privadas CRUCH;(a) Acreditada;(a) Autónoma;(a) Adscritas a Gratuidad;(a) Subsistema Universitario;Valdivia;Valdivia;Región de los Ríos;13;11868;Ingeniería Ambiental;Ingeniería en Conservación de Recursos Naturales;;Diurno;Programa Regular;Tecnología;1003009;Profesional con Licenciatura;Ingreso Directo;2006;Isla Teja;10;1007001001;1007001;Ingeniero en Conservación de Recursos Naturales;Bachiller en Ciencias Forestales y Recursos Naturales;;;;;;;;;;;;;;;;;;Pesos     ;;0;0;0;0;2;1;0;3;I90S1C142J1V1;Pregrado;0;0
2024;1007;U. AUSTRAL DE CHILE;Univ.;(a) Universidades CRUCH;(b) Universidades Privadas CRUCH;(a) Acreditada;(a) Autónoma;(a) Adscritas a Gratuidad;(a) Subsistema Universitario;Valdivia;Valdivia;Región de los Ríos;13;31731;Ingeniería Ambiental;Ingeniería en Conservación de Recursos Naturales - Ingeniería Forestal;;Diurno;Programa Regular;Tecnología;1003009;Profesional con Licenciatura;Ingreso Directo;2014;Isla Teja;10;1007001001;1007001;Ingeniería en Conservación de Recursos Naturales o  Ingeniería Forestal;Licenciado en Ciencias Forestales o Licenciado en Conservación;800;616;492;783;616;451;928;681;387;966;699;387;28;14;237.000;5.033.000;225.000;Pesos     ;60;19;23;0;42;165;157;1;322;I90S1C534J1V1;Pregrado;0;0
2024;1007;U. AUSTRAL DE CHILE;Univ.;(a) Universidades CRUCH;(b) Universidades Privadas CRUCH;(a) Acreditada;(a) Autónoma;(a) Adscritas a Gratuidad;(a) Subsistema Universitario;Valdivia;Valdivia;Región de los Ríos;13;1999;Ingeniería Civil Acústica;Ingeniería Civil Acústica;;Diurno;Programa Regular;Tecnología;1008018;Profesional con Licenciatura;Ingreso Directo;2001;Miraflores;12;1007001002;1007001;Ingeniero Civil Acústico;Licenciado en Ciencias de la Ingeniería;888;696;545;892;716;526;986;798;519;1000;817;522;21;4;237.000;5.247.000;225.000;Pesos     ;20;20;5;0;25;101;15;1;116;I90S1C114J1V2;Pregrado;0;0
2024;1007;U. AUSTRAL DE CHILE;Univ.;(a) Universidades CRUCH;(b) Universidades Privadas CRUCH;(a) Acreditada;(a) Autónoma;(a) Adscritas a Gratuidad;(a) Subsistema Universitario;Valdivia;Valdivia;Región de los Ríos;13;11867;Ingeniería Civil Electrónica y similares;Ingeniería Civil Electrónica;;Diurno;Programa Regular;Tecnología;1008022;Profesional con Licenciatura;Ingreso Directo;2006;Miraflores;11;1007001002;1007001;Ingeniero Civil Electrónico;Bachiller en Ciencias de Ingeniería, Licenciado en Ciencias de la Ingeniería;930;685;493;906;701;494;979;764;450;986;786;450;32;5;237.000;5.247.000;225.000;Pesos     ;52;36;1;1;37;182;14;1;196;I90S1C141J1V1;Pregrado;0;0
2024;1007;U. AUSTRAL DE CHILE;Univ.;(a) Universidades CRUCH;(b) Universidades Privadas CRUCH;(a) Acreditada;(a) Autónoma;(a) Adscritas a Gratuidad;(a) Subsistema Universitario;Valdivia;Valdivia;Región de los Ríos;13;2000;Ingeniería Civil en Computación y/o Informática;Ingeniería Civil Informática;;Diurno;Programa Regular;Tecnología;1008005;Profesional con Licenciatura;Ingreso Directo;1982;Miraflores;11;1007001002;1007001;Ingeniero Civil Informático;Licenciado en Ciencias de la Ingeniería M/Informática;950;710;489;946;730;537;965;804;495;1000;826;495;95;5;237.000;5.247.000;225.000;Pesos     ;74;85;15;0;100;347;43;4;390;I90S1C33J1V2;Pregrado;0;0
2024;1007;U. AUSTRAL DE CHILE;Univ.;(a) Universidades CRUCH;(b) Universidades Privadas CRUCH;(a) Acreditada;(a) Autónoma;(a) Adscritas a Gratuidad;(a) Subsistema Universitario;Valdivia;Valdivia;Región de los Ríos;13;1998;Ingeniería Civil en Obras Civiles y similares;Ingeniería Civil en Obras Civiles;;Diurno;Programa Regular;Tecnología;1008003;Profesional con Licenciatura;Ingreso Directo;1994;Miraflores;11;1007001002;1007001;Ingeniero Civil en Obras Civiles;Licenciado en Ciencias de la Ingeniería M/Obras Civiles;941;674;493;929;693;474;985;764;441;1000;784;452;55;4;237.000;5.247.000;225.000;Pesos     ;70;43;16;0;59;290;102;3;392;I90S1C34J1V2;Pregrado;0;0
2024;1007;U. AUSTRAL DE CHILE;Univ.;(a) Universidades CRUCH;(b) Universidades Privadas CRUCH;(a) Acreditada;(a) Autónoma;(a) Adscritas a Gratuidad;(a) Subsistema Universitario;Valdivia;Valdivia;Región de los Ríos;13;27120;Ingeniería Civil Industrial;Ingeniería Civil Industrial;;Diurno;Programa Regular;Tecnología;1008004;Profesional con Licenciatura;Ingreso Directo;2013;Miraflores;11;1007001002;1007001;Ingeniero Civil Industrial;Licenciado en Ciencias de la Ingeniería;907;705;493;926;727;519;979;810;451;1000;832;469;83;10;237.000;5.247.000;225.000;Pesos     ;70;66;27;1;93;303;128;2;431;I90S1C126J1V1;Pregrado;0;0
2024;1007;U. AUSTRAL DE CHILE;Univ.;(a) Universidades CRUCH;(b) Universidades Privadas CRUCH;(a) Acreditada;(a) Autónoma;(a) Adscritas a Gratuidad;(a) Subsistema Universitario;Valdivia;Valdivia;Región de los Ríos;13;13979;Ingeniería Civil Mecánica;Ingeniería Civil Mecánica;;Diurno;Programa Regular;Tecnología;1008006;Profesional con Licenciatura;Ingreso Directo;2007;Miraflores;11;1007001002;1007001;Ingeniero Civil Mecánico;Licenciado en Ciencias de la Ingeniería;899;683;500;884;674;550;937;711;495;989;725;499;32;1;237.000;5.247.000;225.000;Pesos     ;50;31;2;1;33;202;19;2;221;I90S1C147J1V1;Pregrado;0;0
2024;1007;U. AUSTRAL DE CHILE;Univ.;(a) Universidades CRUCH;(b) Universidades Privadas CRUCH;(a) Acreditada;(a) Autónoma;(a) Adscritas a Gratuidad;(a) Subsistema Universitario;Valdivia;Valdivia;Región de los Ríos;13;1993;Ingeniería en Alimentos y similares;Ingeniería en Alimentos;;Diurno;Programa Regular;Tecnología;1001003;Profesional con Licenciatura;Ingreso Directo;1988;Isla Teja;10;1007001001;1007001;Ingeniero en Alimentos;Licenciado en Ciencias de los Alimentos;871;609;487;897;631;492;951;700;447;997;716;447;10;9;237.000;4.622.000;225.000;Pesos     ;25;11;8;0;19;36;38;0;74;I90S1C44J1V1;Pregrado;0;0
2024;1007;U. AUSTRAL DE CHILE;Univ.;(a) Universidades CRUCH;(b) Universidades Privadas CRUCH;(a) Acreditada;(a) Autónoma;(a) Adscritas a Gratuidad;(a) Subsistema Universitario;Valdivia;Valdivia;Región de los Ríos;13;2014;Ingeniería en Construcción y similares;Ingeniería en Construcción;;Diurno;Programa Regular;Tecnología;1008009;Profesional con Licenciatura;Ingreso Directo;1998;Miraflores;10;1007001002;1007001;Ingeniero Constructor;Licenciado en Ciencias de la Construcción;711;579;493;791;600;425;970;669;364;993;686;364;32;13;237.000;4.948.000;225.000;Pesos     ;67;32;13;0;45;191;61;1;252;I90S1C46J1V1;Pregrado;0;0
2024;1007;U. AUSTRAL DE CHILE;Univ.;(a) Universidades CRUCH;(b) Universidades Privadas CRUCH;(a) Acreditada;(a) Autónoma;(a) Adscritas a Gratuidad;(a) Subsistema Universitario;Valdivia;Valdivia;Región de los Ríos;13;2011;Ingeniería en Transporte Marítimo, Aéreo y similares;Ingeniería Naval;;Diurno;Programa Regular;Tecnología;1008052;Profesional con Licenciatura;Ingreso Directo;1990;Miraflores;10;1007001002;1007001;Ingeniero Naval;Licenciado en Ciencias de la Ingeniería;900;673;513;913;678;513;937;738;367;984;758;387;37;10;237.000;4.948.000;225.000;Pesos     ;55;33;14;1;47;165;60;3;225;I90S1C50J1V1;Pregrado;0;0
2023;1007;U. AUSTRAL DE CHILE;Univ.;(a) Universidades CRUCH;(b) Universidades Privadas CRUCH;(a) Acreditada;(a) Autónoma;(a) Adscritas a Gratuidad;(a) Subsistema Universitario;Valdivia;Valdivia;Región de los Ríos;13;1995;Ingeniería Comercial;Ingeniería Comercial;Administración de Empresas;Diurno;Programa Regular;Administración y Comercio;1010005;Profesional con Licenciatura;Ingreso Directo;1977;Isla Teja;10;1007001001;1007001;Ingeniero Comercial;Licenciado en Administración;882;662;494;897;732;652;979;811;580;1000;845;580;96;5;219.000;4.845.000;208.000;Pesos     ;90;58;43;0;101;277;217;3;494;I90S1C35J1V1;Pregrado;0;0
2023;1007;U. AUSTRAL DE CHILE;Univ.;(a) Universidades CRUCH;(b) Universidades Privadas CRUCH;(a) Acreditada;(a) Autónoma;(a) Adscritas a Gratuidad;(a) Subsistema Universitario;Valdivia;Valdivia;Región de los Ríos;13;31731;Ingeniería Ambiental;Ingeniería en Conservación de Recursos Naturales - Ingeniería Forestal;;Diurno;Programa Regular;Tecnología;1003009;Profesional con Licenciatura;Ingreso Directo;2014;Isla Teja;10;1007001001;1007001;Ingeniería en Conservación de Recursos Naturales o  Ingeniería Forestal;Licenciado en Ciencias Forestales o Licenciado en Conservación;865;638;494;856;640;481;937;688;321;954;704;321;50;8;219.000;4.647.000;208.000;Pesos     ;60;31;27;1;58;184;188;2;372;I90S1C534J1V1;Pregrado;0;0
2023;1007;U. AUSTRAL DE CHILE;Univ.;(a) Universidades CRUCH;(b) Universidades Privadas CRUCH;(a) Acreditada;(a) Autónoma;(a) Adscritas a Gratuidad;(a) Subsistema Universitario;Valdivia;Valdivia;Región de los Ríos;13;1999;Ingeniería Civil Acústica;Ingeniería Civil Acústica;;Diurno;Programa Regular;Tecnología;1008018;Profesional con Licenciatura;Ingreso Directo;2001;Miraflores;12;1007001002;1007001;Ingeniero Civil Acústico;Licenciado en Ciencias de la Ingeniería;853;708;531;824;705;517;886;745;519;951;762;519;13;2;219.000;4.845.000;208.000;Pesos     ;20;13;2;0;15;112;12;1;124;I90S1C114J1V2;Pregrado;0;0
2023;1007;U. AUSTRAL DE CHILE;Univ.;(a) Universidades CRUCH;(b) Universidades Privadas CRUCH;(a) Acreditada;(a) Autónoma;(a) Adscritas a Gratuidad;(a) Subsistema Universitario;Valdivia;Valdivia;Región de los Ríos;13;11867;Ingeniería Civil Electrónica y similares;Ingeniería Civil Electrónica;;Diurno;Programa Regular;Tecnología;1008022;Profesional con Licenciatura;Ingreso Directo;2006;Miraflores;11;1007001002;1007001;Ingeniero Civil Electrónico;Bachiller en Ciencias de Ingeniería, Licenciado en Ciencias de la Ingeniería;900;640;491;892;653;508;937;699;488;1000;726;488;31;4;219.000;4.845.000;208.000;Pesos     ;52;33;2;1;35;182;18;2;200;I90S1C141J1V1;Pregrado;0;0
2023;1007;U. AUSTRAL DE CHILE;Univ.;(a) Universidades CRUCH;(b) Universidades Privadas CRUCH;(a) Acreditada;(a) Autónoma;(a) Adscritas a Gratuidad;(a) Subsistema Universitario;Valdivia;Valdivia;Región de los Ríos;13;2000;Ingeniería Civil en Computación y/o Informática;Ingeniería Civil Informática;;Diurno;Programa Regular;Tecnología;1008005;Profesional con Licenciatura;Ingreso Directo;1982;Miraflores;11;1007001002;1007001;Ingeniero Civil Informático;Licenciado en Ciencias de la Ingeniería M/Informática;900;685;525;934;712;601;970;786;586;1000;815;586;68;4;219.000;4.845.000;208.000;Pesos     ;65;68;4;1;72;328;35;5;363;I90S1C33J1V2;Pregrado;0;0
2023;1007;U. AUSTRAL DE CHILE;Univ.;(a) Universidades CRUCH;(b) Universidades Privadas CRUCH;(a) Acreditada;(a) Autónoma;(a) Adscritas a Gratuidad;(a) Subsistema Universitario;Valdivia;Valdivia;Región de los Ríos;13;1998;Ingeniería Civil en Obras Civiles y similares;Ingeniería Civil en Obras Civiles;;Diurno;Programa Regular;Tecnología;1008003;Profesional con Licenciatura;Ingreso Directo;1994;Miraflores;11;1007001002;1007001;Ingeniero Civil en Obras Civiles;Licenciado en Ciencias de la Ingeniería M/Obras Civiles;922;678;448;932;723;608;979;801;473;1000;839;473;66;8;219.000;4.845.000;208.000;Pesos     ;65;56;18;0;74;333;118;4;451;I90S1C34J1V2;Pregrado;0;0
2023;1007;U. AUSTRAL DE CHILE;Univ.;(a) Universidades CRUCH;(b) Universidades Privadas CRUCH;(a) Acreditada;(a) Autónoma;(a) Adscritas a Gratuidad;(a) Subsistema Universitario;Valdivia;Valdivia;Región de los Ríos;13;27120;Ingeniería Civil Industrial;Ingeniería Civil Industrial;;Diurno;Programa Regular;Tecnología;1008004;Profesional con Licenciatura;Ingreso Directo;2013;Miraflores;11;1007001002;1007001;Ingeniero Civil Industrial;Licenciado en Ciencias de la Ingeniería;922;750;575;928;778;684;979;848;650;1000;881;663;68;3;219.000;4.845.000;208.000;Pesos     ;65;51;20;0;71;294;139;1;433;I90S1C126J1V1;Pregrado;0;0
2023;1007;U. AUSTRAL DE CHILE;Univ.;(a) Universidades CRUCH;(b) Universidades Privadas CRUCH;(a) Acreditada;(a) Autónoma;(a) Adscritas a Gratuidad;(a) Subsistema Universitario;Valdivia;Valdivia;Región de los Ríos;13;13979;Ingeniería Civil Mecánica;Ingeniería Civil Mecánica;;Diurno;Programa Regular;Tecnología;1008006;Profesional con Licenciatura;Ingreso Directo;2007;Miraflores;11;1007001002;1007001;Ingeniero Civil Mecánico;Licenciado en Ciencias de la Ingeniería;917;625;410;900;646;541;970;715;447;1000;739;457;37;1;219.000;4.845.000;208.000;Pesos     ;50;36;2;1;38;225;29;1;254;I90S1C147J1V1;Pregrado;0;0
2023;1007;U. AUSTRAL DE CHILE;Univ.;(a) Universidades CRUCH;(b) Universidades Privadas CRUCH;(a) Acreditada;(a) Autónoma;(a) Adscritas a Gratuidad;(a) Subsistema Universitario;Valdivia;Valdivia;Región de los Ríos;13;1993;Ingeniería en Alimentos y similares;Ingeniería en Alimentos;;Diurno;Programa Regular;Tecnología;1001003;Profesional con Licenciatura;Ingreso Directo;1988;Isla Teja;10;1007001001;1007001;Ingeniero en Alimentos;Licenciado en Ciencias de los Alimentos;763;616;494;783;640;541;871;680;456;1000;706;456;13;2;219.000;4.268.000;208.000;Pesos     ;25;5;10;0;15;38;43;0;81;I90S1C44J1V1;Pregrado;0;0
2023;1007;U. AUSTRAL DE CHILE;Univ.;(a) Universidades CRUCH;(b) Universidades Privadas CRUCH;(a) Acreditada;(a) Autónoma;(a) Adscritas a Gratuidad;(a) Subsistema Universitario;Valdivia;Valdivia;Región de los Ríos;13;2014;Ingeniería en Construcción y similares;Ingeniería en Construcción;;Diurno;Programa Regular;Tecnología;1008009;Profesional con Licenciatura;Ingreso Directo;1998;Miraflores;10;1007001002;1007001;Ingeniero Constructor;Licenciado en Ciencias de la Construcción;892;582;487;916;604;474;994;670;425;1000;683;429;48;2;219.000;4.569.000;208.000;Pesos     ;67;36;14;0;50;218;71;3;289;I90S1C46J1V1;Pregrado;0;0
2023;1007;U. AUSTRAL DE CHILE;Univ.;(a) Universidades CRUCH;(b) Universidades Privadas CRUCH;(a) Acreditada;(a) Autónoma;(a) Adscritas a Gratuidad;(a) Subsistema Universitario;Valdivia;Valdivia;Región de los Ríos;13;2011;Ingeniería en Transporte Marítimo, Aéreo y similares;Ingeniería Naval;;Diurno;Programa Regular;Tecnología;1008052;Profesional con Licenciatura;Ingreso Directo;1990;Miraflores;10;1007001002;1007001;Ingeniero Naval;Licenciado en Ciencias de la Ingeniería;811;616;494;785;618;507;843;669;447;947;683;447;37;5;219.000;4.569.000;208.000;Pesos     ;55;27;15;1;42;165;61;5;226;I90S1C50J1V1;Pregrado;0;0
2022;1007;U. AUSTRAL DE CHILE;Univ.;(a) Universidades CRUCH;(b) Universidades Privadas CRUCH;(a) Acreditada;(a) Autónoma;(a) Adscritas a Gratuidad;(a) Subsistema Universitario;Valdivia;Valdivia;Región de los Ríos;13;1995;Ingeniería Comercial;Ingeniería Comercial;Administración de Empresas;Diurno;Programa Regular;Administración y Comercio;1010005;Profesional con Licenciatura;Ingreso Directo;1977;Isla Teja;10;1007001001;1007001;Ingeniero Comercial;Licenciado en Administración;666;553;421;748;625;561;840;677;513;850;707;513;93;12;190.000;4.202.000;180.000;Pesos     ;90;62;43;1;105;281;222;4;503;I90S1C35J1V1;Pregrado;0;0
2022;1007;U. AUSTRAL DE CHILE;Univ.;(a) Universidades CRUCH;(b) Universidades Privadas CRUCH;(a) Acreditada;(a) Autónoma;(a) Adscritas a Gratuidad;(a) Subsistema Universitario;Valdivia;Valdivia;Región de los Ríos;13;11868;Ingeniería Ambiental;Ingeniería en Conservación de Recursos Naturales;;Diurno;Programa Regular;Tecnología;1003009;Profesional con Licenciatura;Ingreso Directo;2006;Isla Teja;10;1007001001;1007001;Ingeniero en Conservación de Recursos Naturales;Bachiller en Ciencias Forestales y Recursos Naturales;;;;;;;;;;;;;;;;;;Pesos     ;;0;0;0;0;6;2;0;8;I90S1C142J1V1;Pregrado;0;0
2022;1007;U. AUSTRAL DE CHILE;Univ.;(a) Universidades CRUCH;(b) Universidades Privadas CRUCH;(a) Acreditada;(a) Autónoma;(a) Adscritas a Gratuidad;(a) Subsistema Universitario;Valdivia;Valdivia;Región de los Ríos;13;31731;Ingeniería Ambiental;Ingeniería en Conservación de Recursos Naturales - Ingeniería Forestal;;Diurno;Programa Regular;Tecnología;1003009;Profesional con Licenciatura;Ingreso Directo;2014;Isla Teja;10;1007001001;1007001;Ingeniería en Conservación de Recursos Naturales o  Ingeniería Forestal;Licenciado en Ciencias Forestales o Licenciado en Conservación;712;575;487;750;604;486;823;633;430;850;653;433;39;8;190.000;4.030.000;180.000;Pesos     ;60;26;21;0;47;198;192;2;390;I90S1C534J1V1;Pregrado;0;0
2022;1007;U. AUSTRAL DE CHILE;Univ.;(a) Universidades CRUCH;(b) Universidades Privadas CRUCH;(a) Acreditada;(a) Autónoma;(a) Adscritas a Gratuidad;(a) Subsistema Universitario;Valdivia;Valdivia;Región de los Ríos;13;1999;Ingeniería Civil Acústica;Ingeniería Civil Acústica;;Diurno;Programa Regular;Tecnología;1008018;Profesional con Licenciatura;Ingreso Directo;2001;Miraflores;12;1007001002;1007001;Ingeniero Civil Acústico;Licenciado en Ciencias de la Ingeniería;663;600;508;724;629;500;764;652;461;850;683;461;16;2;190.000;4.202.000;180.000;Pesos     ;20;16;2;0;18;114;14;1;128;I90S1C114J1V2;Pregrado;0;0
2022;1007;U. AUSTRAL DE CHILE;Univ.;(a) Universidades CRUCH;(b) Universidades Privadas CRUCH;(a) Acreditada;(a) Autónoma;(a) Adscritas a Gratuidad;(a) Subsistema Universitario;Valdivia;Valdivia;Región de los Ríos;13;11867;Ingeniería Civil Electrónica y similares;Ingeniería Civil Electrónica;;Diurno;Programa Regular;Tecnología;1008022;Profesional con Licenciatura;Ingreso Directo;2006;Miraflores;11;1007001002;1007001;Ingeniero Civil Electrónico;Bachiller en Ciencias de Ingeniería, Licenciado en Ciencias de la Ingeniería;709;547;412;747;593;434;807;606;375;850;630;390;40;6;190.000;4.202.000;180.000;Pesos     ;52;40;6;0;46;193;24;2;217;I90S1C141J1V1;Pregrado;0;0
2022;1007;U. AUSTRAL DE CHILE;Univ.;(a) Universidades CRUCH;(b) Universidades Privadas CRUCH;(a) Acreditada;(a) Autónoma;(a) Adscritas a Gratuidad;(a) Subsistema Universitario;Valdivia;Valdivia;Región de los Ríos;13;2000;Ingeniería Civil en Computación y/o Informática;Ingeniería Civil Informática;;Diurno;Programa Regular;Tecnología;1008005;Profesional con Licenciatura;Ingreso Directo;1982;Miraflores;11;1007001002;1007001;Ingeniero Civil Informático;Licenciado en Ciencias de la Ingeniería M/Informática;747;601;399;764;652;514;823;705;545;850;742;545;72;9;190.000;4.202.000;180.000;Pesos     ;65;67;14;2;81;330;40;5;370;I90S1C33J1V2;Pregrado;0;0
2022;1007;U. AUSTRAL DE CHILE;Univ.;(a) Universidades CRUCH;(b) Universidades Privadas CRUCH;(a) Acreditada;(a) Autónoma;(a) Adscritas a Gratuidad;(a) Subsistema Universitario;Valdivia;Valdivia;Región de los Ríos;13;1998;Ingeniería Civil en Obras Civiles y similares;Ingeniería Civil en Obras Civiles;;Diurno;Programa Regular;Tecnología;1008003;Profesional con Licenciatura;Ingreso Directo;1994;Miraflores;11;1007001002;1007001;Ingeniero Civil en Obras Civiles;Licenciado en Ciencias de la Ingeniería M/Obras Civiles;693;577;431;723;620;510;823;652;459;850;677;459;59;3;190.000;4.202.000;180.000;Pesos     ;65;46;16;1;62;313;108;4;421;I90S1C34J1V2;Pregrado;0;0
2022;1007;U. AUSTRAL DE CHILE;Univ.;(a) Universidades CRUCH;(b) Universidades Privadas CRUCH;(a) Acreditada;(a) Autónoma;(a) Adscritas a Gratuidad;(a) Subsistema Universitario;Valdivia;Valdivia;Región de los Ríos;13;27120;Ingeniería Civil Industrial;Ingeniería Civil Industrial;;Diurno;Programa Regular;Tecnología;1008004;Profesional con Licenciatura;Ingreso Directo;2013;Miraflores;11;1007001002;1007001;Ingeniero Civil Industrial;Licenciado en Ciencias de la Ingeniería;722;603;480;762;665;618;807;718;588;850;756;602;67;9;190.000;4.202.000;180.000;Pesos     ;65;50;26;0;76;286;137;1;423;I90S1C126J1V1;Pregrado;0;0
2022;1007;U. AUSTRAL DE CHILE;Univ.;(a) Universidades CRUCH;(b) Universidades Privadas CRUCH;(a) Acreditada;(a) Autónoma;(a) Adscritas a Gratuidad;(a) Subsistema Universitario;Valdivia;Valdivia;Región de los Ríos;13;13979;Ingeniería Civil Mecánica;Ingeniería Civil Mecánica;;Diurno;Programa Regular;Tecnología;1008006;Profesional con Licenciatura;Ingreso Directo;2007;Miraflores;11;1007001002;1007001;Ingeniero Civil Mecánico;Licenciado en Ciencias de la Ingeniería;671;560;435;750;591;476;801;613;411;850;635;414;50;3;190.000;4.202.000;180.000;Pesos     ;50;48;5;0;53;249;30;0;279;I90S1C147J1V1;Pregrado;0;0
2022;1007;U. AUSTRAL DE CHILE;Univ.;(a) Universidades CRUCH;(b) Universidades Privadas CRUCH;(a) Acreditada;(a) Autónoma;(a) Adscritas a Gratuidad;(a) Subsistema Universitario;Valdivia;Valdivia;Región de los Ríos;13;2001;Ingeniería Electrónica y similares;Ingeniería Electrónica;;Diurno;Programa Regular;Tecnología;1008035;Profesional con Licenciatura;Ingreso Directo;1995;Miraflores;10;1007001002;1007001;Ingeniero Electrónico;Licenciado en Ciencias de la Ingeniería;;;;;;;;;;;;;;;;;;Pesos     ;;0;0;0;0;1;0;0;1;I90S1C48J1V1;Pregrado;0;0
2022;1007;U. AUSTRAL DE CHILE;Univ.;(a) Universidades CRUCH;(b) Universidades Privadas CRUCH;(a) Acreditada;(a) Autónoma;(a) Adscritas a Gratuidad;(a) Subsistema Universitario;Valdivia;Valdivia;Región de los Ríos;13;1993;Ingeniería en Alimentos y similares;Ingeniería en Alimentos;;Diurno;Programa Regular;Tecnología;1001003;Profesional con Licenciatura;Ingreso Directo;1988;Isla Teja;10;1007001001;1007001;Ingeniero en Alimentos;Licenciado en Ciencias de los Alimentos;648;568;494;731;621;537;768;650;494;850;688;495;4;3;190.000;3.702.000;180.000;Pesos     ;25;3;4;0;7;39;43;0;82;I90S1C44J1V1;Pregrado;0;0
2022;1007;U. AUSTRAL DE CHILE;Univ.;(a) Universidades CRUCH;(b) Universidades Privadas CRUCH;(a) Acreditada;(a) Autónoma;(a) Adscritas a Gratuidad;(a) Subsistema Universitario;Valdivia;Valdivia;Región de los Ríos;13;2014;Ingeniería en Construcción y similares;Ingeniería en Construcción;;Diurno;Programa Regular;Tecnología;1008009;Profesional con Licenciatura;Ingreso Directo;1998;Miraflores;10;1007001002;1007001;Ingeniero Constructor;Licenciado en Ciencias de la Construcción;631;526;448;684;557;450;757;583;399;822;604;399;45;7;190.000;3.963.000;180.000;Pesos     ;67;41;11;1;52;224;70;3;294;I90S1C46J1V1;Pregrado;0;0
2022;1007;U. AUSTRAL DE CHILE;Univ.;(a) Universidades CRUCH;(b) Universidades Privadas CRUCH;(a) Acreditada;(a) Autónoma;(a) Adscritas a Gratuidad;(a) Subsistema Universitario;Valdivia;Valdivia;Región de los Ríos;13;2011;Ingeniería en Transporte Marítimo, Aéreo y similares;Ingeniería Naval;;Diurno;Programa Regular;Tecnología;1008052;Profesional con Licenciatura;Ingreso Directo;1990;Miraflores;10;1007001002;1007001;Ingeniero Naval;Licenciado en Ciencias de la Ingeniería;708;559;476;711;598;488;812;623;406;850;646;420;34;1;190.000;3.963.000;180.000;Pesos     ;55;24;11;0;35;175;54;4;229;I90S1C50J1V1;Pregrado;0;0
2021;1007;U. AUSTRAL DE CHILE;Univ.;(a) Universidades CRUCH;(b) Universidades Privadas CRUCH;(a) Acreditada;(a) Autónoma;(a) Adscritas a Gratuidad;(a) Subsistema Universitario;Valdivia;Valdivia;Región de los Ríos;13;1995;Ingeniería Comercial;Ingeniería Comercial;Administración de Empresas;Diurno;Programa Regular;Administración y Comercio;1010005;Profesional con Licenciatura;Ingreso Directo;1977;Isla Teja;10;1007001001;1007001;Ingeniero Comercial;Licenciado en Administración;703;547;368;719;599;526;807;630;403;850;661;410;103;5;175.000;3.869.000;166.000;Pesos     ;90;59;49;1;108;278;216;4;494;I90S1C35J1V1;Pregrado;0;0
2021;1007;U. AUSTRAL DE CHILE;Univ.;(a) Universidades CRUCH;(b) Universidades Privadas CRUCH;(a) Acreditada;(a) Autónoma;(a) Adscritas a Gratuidad;(a) Subsistema Universitario;Valdivia;Valdivia;Región de los Ríos;13;2012;Ingeniería en Maderas;Ingeniería en Maderas;;Diurno;Programa Regular;Agricultura, Silvicultura, Pesca y Veterinaria;1001012;Profesional con Licenciatura;Ingreso Directo;1998;Isla Teja;10;1007001001;1007001;Ingeniero en Maderas;Licenciado en Ciencias de la Madera;;;;;;;;;;;;;;;;;;Pesos     ;;0;0;0;0;1;0;0;1;I90S1C41J1V1;Pregrado;0;0
2021;1007;U. AUSTRAL DE CHILE;Univ.;(a) Universidades CRUCH;(b) Universidades Privadas CRUCH;(a) Acreditada;(a) Autónoma;(a) Adscritas a Gratuidad;(a) Subsistema Universitario;Valdivia;Valdivia;Región de los Ríos;13;11868;Ingeniería Ambiental;Ingeniería en Conservación de Recursos Naturales;;Diurno;Programa Regular;Tecnología;1003009;Profesional con Licenciatura;Ingreso Directo;2006;Isla Teja;10;1007001001;1007001;Ingeniero en Conservación de Recursos Naturales;Bachiller en Ciencias Forestales y Recursos Naturales;;;;;;;;;;;;;;;;;;Pesos     ;;0;0;0;0;6;4;0;10;I90S1C142J1V1;Pregrado;0;0
2021;1007;U. AUSTRAL DE CHILE;Univ.;(a) Universidades CRUCH;(b) Universidades Privadas CRUCH;(a) Acreditada;(a) Autónoma;(a) Adscritas a Gratuidad;(a) Subsistema Universitario;Valdivia;Valdivia;Región de los Ríos;13;31731;Ingeniería Ambiental;Ingeniería en Conservación de Recursos Naturales - Ingeniería Forestal;;Diurno;Programa Regular;Tecnología;1003009;Profesional con Licenciatura;Ingreso Directo;2014;Isla Teja;10;1007001001;1007001;Ingeniería en Conservación de Recursos Naturales o  Ingeniería Forestal;Licenciado en Ciencias Forestales o Licenciado en Conservación;729;573;358;762;599;500;807;625;437;850;658;437;67;10;175.000;3.711.000;166.000;Pesos     ;60;39;38;0;77;210;203;1;413;I90S1C534J1V1;Pregrado;0;0
2021;1007;U. AUSTRAL DE CHILE;Univ.;(a) Universidades CRUCH;(b) Universidades Privadas CRUCH;(a) Acreditada;(a) Autónoma;(a) Adscritas a Gratuidad;(a) Subsistema Universitario;Valdivia;Valdivia;Región de los Ríos;13;1999;Ingeniería Civil Acústica;Ingeniería Civil Acústica;;Diurno;Programa Regular;Tecnología;1008018;Profesional con Licenciatura;Ingreso Directo;2001;Miraflores;12;1007001002;1007001;Ingeniero Civil Acústico;Licenciado en Ciencias de la Ingeniería;703;585;496;728;602;495;775;610;426;843;631;430;31;;175.000;3.869.000;166.000;Pesos     ;20;27;4;0;31;110;15;1;125;I90S1C114J1V2;Pregrado;0;0
2021;1007;U. AUSTRAL DE CHILE;Univ.;(a) Universidades CRUCH;(b) Universidades Privadas CRUCH;(a) Acreditada;(a) Autónoma;(a) Adscritas a Gratuidad;(a) Subsistema Universitario;Valdivia;Valdivia;Región de los Ríos;13;11867;Ingeniería Civil Electrónica y similares;Ingeniería Civil Electrónica;;Diurno;Programa Regular;Tecnología;1008022;Profesional con Licenciatura;Ingreso Directo;2006;Miraflores;11;1007001002;1007001;Ingeniero Civil Electrónico;Bachiller en Ciencias de Ingeniería, Licenciado en Ciencias de la Ingeniería;749;572;413;794;599;447;818;609;389;850;637;398;42;2;175.000;3.869.000;166.000;Pesos     ;52;39;5;0;44;189;21;2;210;I90S1C141J1V1;Pregrado;0;0
2021;1007;U. AUSTRAL DE CHILE;Univ.;(a) Universidades CRUCH;(b) Universidades Privadas CRUCH;(a) Acreditada;(a) Autónoma;(a) Adscritas a Gratuidad;(a) Subsistema Universitario;Valdivia;Valdivia;Región de los Ríos;13;2000;Ingeniería Civil en Computación y/o Informática;Ingeniería Civil Informática;;Diurno;Programa Regular;Tecnología;1008005;Profesional con Licenciatura;Ingreso Directo;1982;Miraflores;11;1007001002;1007001;Ingeniero Civil Informático;Licenciado en Ciencias de la Ingeniería M/Informática;747;583;424;782;632;560;785;661;490;850;700;498;74;9;175.000;3.869.000;166.000;Pesos     ;65;79;4;0;83;327;32;2;359;I90S1C33J1V2;Pregrado;0;0
2021;1007;U. AUSTRAL DE CHILE;Univ.;(a) Universidades CRUCH;(b) Universidades Privadas CRUCH;(a) Acreditada;(a) Autónoma;(a) Adscritas a Gratuidad;(a) Subsistema Universitario;Valdivia;Valdivia;Región de los Ríos;13;1998;Ingeniería Civil en Obras Civiles y similares;Ingeniería Civil en Obras Civiles;;Diurno;Programa Regular;Tecnología;1008003;Profesional con Licenciatura;Ingreso Directo;1994;Miraflores;11;1007001002;1007001;Ingeniero Civil en Obras Civiles;Licenciado en Ciencias de la Ingeniería M/Obras Civiles;711;568;443;735;610;457;792;641;426;850;678;435;68;5;175.000;3.869.000;166.000;Pesos     ;65;55;18;0;73;319;129;2;448;I90S1C34J1V2;Pregrado;0;0
2021;1007;U. AUSTRAL DE CHILE;Univ.;(a) Universidades CRUCH;(b) Universidades Privadas CRUCH;(a) Acreditada;(a) Autónoma;(a) Adscritas a Gratuidad;(a) Subsistema Universitario;Valdivia;Valdivia;Región de los Ríos;13;27120;Ingeniería Civil Industrial;Ingeniería Civil Industrial;;Diurno;Programa Regular;Tecnología;1008004;Profesional con Licenciatura;Ingreso Directo;2013;Miraflores;11;1007001002;1007001;Ingeniero Civil Industrial;Licenciado en Ciencias de la Ingeniería;712;597;481;754;664;619;814;720;592;850;761;614;72;10;175.000;3.869.000;166.000;Pesos     ;65;58;24;1;82;285;141;1;426;I90S1C126J1V1;Pregrado;0;0
2021;1007;U. AUSTRAL DE CHILE;Univ.;(a) Universidades CRUCH;(b) Universidades Privadas CRUCH;(a) Acreditada;(a) Autónoma;(a) Adscritas a Gratuidad;(a) Subsistema Universitario;Valdivia;Valdivia;Región de los Ríos;13;13979;Ingeniería Civil Mecánica;Ingeniería Civil Mecánica;;Diurno;Programa Regular;Tecnología;1008006;Profesional con Licenciatura;Ingreso Directo;2007;Miraflores;11;1007001002;1007001;Ingeniero Civil Mecánico;Licenciado en Ciencias de la Ingeniería;733;571;492;753;602;477;792;614;426;850;636;426;50;2;175.000;3.869.000;166.000;Pesos     ;50;46;6;0;52;240;29;0;269;I90S1C147J1V1;Pregrado;0;0
2021;1007;U. AUSTRAL DE CHILE;Univ.;(a) Universidades CRUCH;(b) Universidades Privadas CRUCH;(a) Acreditada;(a) Autónoma;(a) Adscritas a Gratuidad;(a) Subsistema Universitario;Valdivia;Valdivia;Región de los Ríos;13;1993;Ingeniería en Alimentos y similares;Ingeniería en Alimentos;;Diurno;Programa Regular;Tecnología;1001003;Profesional con Licenciatura;Ingreso Directo;1988;Isla Teja;10;1007001001;1007001;Ingeniero en Alimentos;Licenciado en Ciencias de los Alimentos;644;516;476;682;519;429;710;522;375;762;533;384;13;1;175.000;3.409.000;166.000;Pesos     ;25;6;8;0;14;41;44;0;85;I90S1C44J1V1;Pregrado;0;0
2021;1007;U. AUSTRAL DE CHILE;Univ.;(a) Universidades CRUCH;(b) Universidades Privadas CRUCH;(a) Acreditada;(a) Autónoma;(a) Adscritas a Gratuidad;(a) Subsistema Universitario;Valdivia;Valdivia;Región de los Ríos;13;2014;Ingeniería en Construcción y similares;Ingeniería en Construcción;;Diurno;Programa Regular;Tecnología;1008009;Profesional con Licenciatura;Ingreso Directo;1998;Miraflores;10;1007001002;1007001;Ingeniero Constructor;Licenciado en Ciencias de la Construcción;698;531;358;723;559;454;749;580;378;840;604;378;57;7;175.000;3.649.000;166.000;Pesos     ;67;53;11;1;64;250;80;4;330;I90S1C46J1V1;Pregrado;0;0
2021;1007;U. AUSTRAL DE CHILE;Univ.;(a) Universidades CRUCH;(b) Universidades Privadas CRUCH;(a) Acreditada;(a) Autónoma;(a) Adscritas a Gratuidad;(a) Subsistema Universitario;Valdivia;Valdivia;Región de los Ríos;13;2011;Ingeniería en Transporte Marítimo, Aéreo y similares;Ingeniería Naval;;Diurno;Programa Regular;Tecnología;1008052;Profesional con Licenciatura;Ingreso Directo;1990;Miraflores;10;1007001002;1007001;Ingeniero Naval;Licenciado en Ciencias de la Ingeniería;672;560;403;707;569;455;786;594;410;850;618;413;37;1;175.000;3.649.000;166.000;Pesos     ;55;32;6;0;38;174;48;4;222;I90S1C50J1V1;Pregrado;0;0
2020;1007;U. AUSTRAL DE CHILE;Univ.;(a) Universidades CRUCH;(b) Universidades Privadas CRUCH;(a) Acreditada;(a) Autónoma;(a) Adscritas a Gratuidad;(a) Subsistema Universitario;Valdivia;Valdivia;Región de los Ríos;13;1995;Ingeniería Comercial;Ingeniería Comercial;Administración de Empresas;Diurno;Programa Regular;Administración y Comercio;1010005;Profesional con Licenciatura;Ingreso Directo;1977;Isla Teja;10;1007001001;1007001;Ingeniero Comercial;Licenciado en Administración;733;560;477;751;615;535;803;633;473;850;664;473;94;8;170.000;3.756.000;166.000;Pesos     ;90;57;45;6;102;278;204;8;482;I90S1C35J1V1;Pregrado;0;0
2020;1007;U. AUSTRAL DE CHILE;Univ.;(a) Universidades CRUCH;(b) Universidades Privadas CRUCH;(a) Acreditada;(a) Autónoma;(a) Adscritas a Gratuidad;(a) Subsistema Universitario;Valdivia;Valdivia;Región de los Ríos;13;1997;Ingeniería Forestal y similares;Ingeniería Forestal;;Diurno;Programa Regular;Agricultura, Silvicultura, Pesca y Veterinaria;1001014;Profesional con Licenciatura;Ingreso Directo;1955;Isla Teja;10;1007001001;1007001;Ingeniero Forestal;Licenciado en Ciencias Forestales;;;;;;;;;;;;;;;0;;0;Pesos     ;;0;0;0;0;1;0;0;1;I90S1C31J1V1;Pregrado;0;0
2020;1007;U. AUSTRAL DE CHILE;Univ.;(a) Universidades CRUCH;(b) Universidades Privadas CRUCH;(a) Acreditada;(a) Autónoma;(a) Adscritas a Gratuidad;(a) Subsistema Universitario;Valdivia;Valdivia;Región de los Ríos;13;11868;Ingeniería Ambiental;Ingeniería en Conservación de Recursos Naturales;;Diurno;Programa Regular;Tecnología;1003009;Profesional con Licenciatura;Ingreso Directo;2006;Isla Teja;10;1007001001;1007001;Ingeniero en Conservación de Recursos Naturales;Bachiller en Ciencias Forestales y Recursos Naturales;;;;;;;;;;;;;;;0;;0;Pesos     ;;0;0;0;0;6;4;0;10;I90S1C142J1V1;Pregrado;0;0
2020;1007;U. AUSTRAL DE CHILE;Univ.;(a) Universidades CRUCH;(b) Universidades Privadas CRUCH;(a) Acreditada;(a) Autónoma;(a) Adscritas a Gratuidad;(a) Subsistema Universitario;Valdivia;Valdivia;Región de los Ríos;13;31731;Ingeniería Ambiental;Ingeniería en Conservación de Recursos Naturales - Ingeniería Forestal;;Diurno;Programa Regular;Tecnología;1003009;Profesional con Licenciatura;Ingreso Directo;2014;Isla Teja;10;1007001001;1007001;Ingeniería en Conservación de Recursos Naturales o  Ingeniería Forestal;Licenciado en Ciencias Forestales o Licenciado en Conservación;710;587;476;762;628;562;782;660;528;850;698;528;66;22;170.000;3.603.000;166.000;Pesos     ;60;46;42;1;88;191;188;1;379;I90S1C534J1V1;Pregrado;0;0
2020;1007;U. AUSTRAL DE CHILE;Univ.;(a) Universidades CRUCH;(b) Universidades Privadas CRUCH;(a) Acreditada;(a) Autónoma;(a) Adscritas a Gratuidad;(a) Subsistema Universitario;Valdivia;Valdivia;Región de los Ríos;13;1999;Ingeniería Civil Acústica;Ingeniería Civil Acústica;;Diurno;Programa Regular;Tecnología;1008018;Profesional con Licenciatura;Ingreso Directo;2001;Miraflores;12;1007001002;1007001;Ingeniero Civil Acústico;Licenciado en Ciencias de la Ingeniería;709;577;481;736;586;491;760;589;449;795;608;449;30;1;170.000;3.756.000;166.000;Pesos     ;20;25;6;0;31;107;15;2;122;I90S1C114J1V2;Pregrado;0;0
2020;1007;U. AUSTRAL DE CHILE;Univ.;(a) Universidades CRUCH;(b) Universidades Privadas CRUCH;(a) Acreditada;(a) Autónoma;(a) Adscritas a Gratuidad;(a) Subsistema Universitario;Valdivia;Valdivia;Región de los Ríos;13;11867;Ingeniería Civil Electrónica y similares;Ingeniería Civil Electrónica;;Diurno;Programa Regular;Tecnología;1008022;Profesional con Licenciatura;Ingreso Directo;2006;Miraflores;11;1007001002;1007001;Ingeniero Civil Electrónico;Bachiller en Ciencias de Ingeniería, Licenciado en Ciencias de la Ingeniería;678;562;476;716;575;465;782;571;402;850;588;402;42;2;170.000;3.756.000;166.000;Pesos     ;52;39;5;1;44;176;19;3;195;I90S1C141J1V1;Pregrado;0;0
2020;1007;U. AUSTRAL DE CHILE;Univ.;(a) Universidades CRUCH;(b) Universidades Privadas CRUCH;(a) Acreditada;(a) Autónoma;(a) Adscritas a Gratuidad;(a) Subsistema Universitario;Valdivia;Valdivia;Región de los Ríos;13;2000;Ingeniería Civil en Computación y/o Informática;Ingeniería Civil Informática;;Diurno;Programa Regular;Tecnología;1008005;Profesional con Licenciatura;Ingreso Directo;1982;Miraflores;11;1007001002;1007001;Ingeniero Civil Informático;Licenciado en Ciencias de la Ingeniería M/Informática;739;606;475;783;623;558;788;619;473;850;643;473;69;7;170.000;3.756.000;166.000;Pesos     ;65;70;6;0;76;297;36;1;333;I90S1C33J1V2;Pregrado;0;0
2020;1007;U. AUSTRAL DE CHILE;Univ.;(a) Universidades CRUCH;(b) Universidades Privadas CRUCH;(a) Acreditada;(a) Autónoma;(a) Adscritas a Gratuidad;(a) Subsistema Universitario;Valdivia;Valdivia;Región de los Ríos;13;1998;Ingeniería Civil en Obras Civiles y similares;Ingeniería Civil en Obras Civiles;;Diurno;Programa Regular;Tecnología;1008003;Profesional con Licenciatura;Ingreso Directo;1994;Miraflores;11;1007001002;1007001;Ingeniero Civil en Obras Civiles;Licenciado en Ciencias de la Ingeniería M/Obras Civiles;690;589;500;745;628;553;813;644;462;850;680;462;69;14;170.000;3.756.000;166.000;Pesos     ;65;63;20;0;83;297;116;2;413;I90S1C34J1V2;Pregrado;0;0
2020;1007;U. AUSTRAL DE CHILE;Univ.;(a) Universidades CRUCH;(b) Universidades Privadas CRUCH;(a) Acreditada;(a) Autónoma;(a) Adscritas a Gratuidad;(a) Subsistema Universitario;Valdivia;Valdivia;Región de los Ríos;13;27120;Ingeniería Civil Industrial;Ingeniería Civil Industrial;;Diurno;Programa Regular;Tecnología;1008004;Profesional con Licenciatura;Ingreso Directo;2013;Miraflores;11;1007001002;1007001;Ingeniero Civil Industrial;Licenciado en Ciencias de la Ingeniería;747;621;492;759;670;613;813;700;587;850;749;605;70;14;170.000;3.756.000;166.000;Pesos     ;65;51;33;1;84;260;146;1;406;I90S1C126J1V1;Pregrado;0;0
2020;1007;U. AUSTRAL DE CHILE;Univ.;(a) Universidades CRUCH;(b) Universidades Privadas CRUCH;(a) Acreditada;(a) Autónoma;(a) Adscritas a Gratuidad;(a) Subsistema Universitario;Valdivia;Valdivia;Región de los Ríos;13;13979;Ingeniería Civil Mecánica;Ingeniería Civil Mecánica;;Diurno;Programa Regular;Tecnología;1008006;Profesional con Licenciatura;Ingreso Directo;2007;Miraflores;11;1007001002;1007001;Ingeniero Civil Mecánico;Licenciado en Ciencias de la Ingeniería;719;575;475;759;588;453;777;584;407;850;605;410;48;7;170.000;3.756.000;166.000;Pesos     ;50;51;4;2;55;234;26;2;260;I90S1C147J1V1;Pregrado;0;0
2020;1007;U. AUSTRAL DE CHILE;Univ.;(a) Universidades CRUCH;(b) Universidades Privadas CRUCH;(a) Acreditada;(a) Autónoma;(a) Adscritas a Gratuidad;(a) Subsistema Universitario;Valdivia;Valdivia;Región de los Ríos;13;1993;Ingeniería en Alimentos y similares;Ingeniería en Alimentos;;Diurno;Programa Regular;Tecnología;1001003;Profesional con Licenciatura;Ingreso Directo;1988;Isla Teja;10;1007001001;1007001;Ingeniero en Alimentos;Licenciado en Ciencias de los Alimentos;709;551;476;713;549;417;760;553;369;850;565;369;24;1;170.000;3.310.000;166.000;Pesos     ;25;12;13;1;25;45;49;1;94;I90S1C44J1V1;Pregrado;0;0
2020;1007;U. AUSTRAL DE CHILE;Univ.;(a) Universidades CRUCH;(b) Universidades Privadas CRUCH;(a) Acreditada;(a) Autónoma;(a) Adscritas a Gratuidad;(a) Subsistema Universitario;Valdivia;Valdivia;Región de los Ríos;13;2014;Ingeniería en Construcción y similares;Ingeniería en Construcción;;Diurno;Programa Regular;Tecnología;1008009;Profesional con Licenciatura;Ingreso Directo;1998;Miraflores;10;1007001002;1007001;Ingeniero Constructor;Licenciado en Ciencias de la Construcción;682;542;476;672;560;482;714;570;411;765;590;418;67;7;170.000;3.543.000;166.000;Pesos     ;67;61;13;1;74;240;89;4;329;I90S1C46J1V1;Pregrado;0;0
2020;1007;U. AUSTRAL DE CHILE;Univ.;(a) Universidades CRUCH;(b) Universidades Privadas CRUCH;(a) Acreditada;(a) Autónoma;(a) Adscritas a Gratuidad;(a) Subsistema Universitario;Valdivia;Valdivia;Región de los Ríos;13;2011;Ingeniería en Transporte Marítimo, Aéreo y similares;Ingeniería Naval;;Diurno;Programa Regular;Tecnología;1008052;Profesional con Licenciatura;Ingreso Directo;1990;Miraflores;10;1007001002;1007001;Ingeniero Naval;Licenciado en Ciencias de la Ingeniería;665;552;479;701;565;459;777;568;405;847;589;411;42;2;170.000;3.543.000;166.000;Pesos     ;55;32;12;3;44;197;50;7;247;I90S1C50J1V1;Pregrado;0;0
